name,category,freq,freq_norm,freq_norm_bar,timeline,importance,importance_b,freq_by_user
get,filters,8573,1.0,██████████,▅█▆▅▄▄▃▃▃▂▄▃▃▂▃▁,0.82,█████████▉  ,██▅▃▆▂▁▄▃▁▂▃▂▂▂█
open,filesystem,8559,1.0,██████████,▄█▅▄▂▃▄▄▄▄▇▆▃▄▇▁,0.79,█████████▌  ,██▄▁▄▂▁▄▃▆▂▃▃▁▂▇
ls,filesystem,5409,0.63,██████▎   ,▁▄▃▂▁▂▁▂▂▂▂▁▁▂█▂,1.0,████████████,▅▄█▁█▃▁█▄▄█▆█▁▆▇
let,core,5134,0.6,██████    ,▇▇▇▄█▅▅▃▅▆▄▆▆▅▄▁,0.64,███████▋    ,▅▃▄█▃▁▁▂▁▁▂▂▂▆▃▁
each,filters,5111,0.6,██████    ,▄██▅▆▆▄▅▆▇▇▆▇▄▅▁,0.57,██████▊     ,▅█▃▂▄▂▁▂▁▁▂▃▂▂▁▁
where,filters,4626,0.54,█████▍    ,▃█▃▃▆▆▅▅▇▃▄▅▅▅▅▁,0.51,██████▏     ,██▅▂▅▂▁▃▃▂▁▅▃▃▁▁
first,filters,3132,0.37,███▋      ,▄█▆▆▃▅▃▃▃▂▄▃▃▅▅▁,0.28,███▍        ,█▁▃▁▁▂▁▁▁▄▂▃▁▁▁▁
upsert,filters,2810,0.33,███▎      ,▅▇▄▃▆█▄▂▂▁▁▁▁▁▁▁,0.17,██          ,█▅▃▂▁▁▁▁▁▁▁▁▁▁▁▁
str replace,strings,2754,0.32,███▎      ,▄▂▆▄▃▄▃▆▆▄▅▄█▅▄▁,0.21,██▌         ,█▂▃▂▁▂▁▂▁▂▂▁▁▂▁▁
lines,filters,2732,0.32,███▏      ,▃▃▂▅▄▅▃▅▆▃▄█▆▇▄▁,0.45,█████▍      ,█▆▅▂▅▆▁▆▁▄▅▅▃▂▁▁
use,core,2430,0.28,██▉       ,▁▁▁▂▃▃▁▆█▆▄▃▃▄▃▂,0.24,██▉         ,█▁▂▂▅▃▁▂▂▁▁▁▁▂▅▁
select,filters,2201,0.26,██▋       ,▆█▄▄▅▅▃▃▅▂▃▂▆▃▄▁,0.29,███▍        ,█▇▅▂▁▂▁▂▅▃▁▁▃▃▁▁
sort-by,filters,2108,0.25,██▌       ,▃█▆▅▄▅▄▄▄▂▄▅█▄▆▁,0.31,███▋        ,██▄▁▃▂▁▂▁▁▁▂▂▂▁█
source,core,2020,0.24,██▍       ,█▃▅▄▇▂▂▄▃▂▁▂▄▁▂▁,0.4,████▉       ,▅▅▆▂▄▁▂▁█▂▂▁▁▁▄▁
flatten,filters,1938,0.23,██▎       ,▄█▃▂▇▃▅▃▂▂▂▂▃▃█▁,0.24,██▉         ,█▄▄▂▄▁▁▃▃▁▁▅▁▃▁▁
cd,filesystem,1818,0.21,██▏       ,▅▆▃▁▁▂▁▃▃▃▂▂▄▄█▁,0.85,██████████▎ ,▂▃▄▁▇▃▂▁██▇▄▄▁█▁
last,filters,1700,0.2,██        ,▂▁█▄▄▄▄▅▃▂▃▂▄▃▆▁,0.18,██▏         ,█▁▄▂▇▁▁▄▁▂▁▁▁▁▁▁
from json,formats,1672,0.2,██        ,█▅▂▄▄▄▂▂▂▃▃▂▂▃▄▁,0.27,███▎        ,▆█▃▂▁▁▁▄▃▂▁█▁▁▁▁
save,filesystem,1671,0.19,██        ,▃▅▂▃▃▂▅▄▂▇▃▃▃▃█▁,0.27,███▎        ,█▆▃▂▃▄▁▄▂▃▂▄▃▁▁▁
length,filters,1599,0.19,█▉        ,▂█▅▃▂▅▄▂▅▃▂▄▂▃▃▁,0.22,██▋         ,█▅▄▃▅▂▁▂▁▁▁▃▁▃▁▁
if,core,1574,0.18,█▉        ,▃▃▃▃▂▃▂▄▄▄▃▃▆█▄▁,0.38,████▌       ,▂▂▂▅▂▁▁▁▁▁▁▂▁█▁▁
parse,strings,1540,0.18,█▊        ,█▆▂▂▂▂▁▂█▄▇▅▅▄▄▁,0.21,██▌         ,██▃▁▂▃▁▃▁▂▁▁▁▁▁▁
str join,strings,1524,0.18,█▊        ,▂▂▂▃▂▄▂▅▇█▇▄▅▄▄▁,0.26,███▏        ,█▆▃▅▁▅▁▂▁▁▃▅▃█▁▁
update,filters,1502,0.18,█▊        ,▁▁▁▁▁▁▁▁▆▅▃▃▇█▄▁,0.3,███▌        ,█▁▅▂▆▃▁▄█▅▂▃▁▂▁▁
glob,filesystem,1435,0.17,█▋        ,▁▃▄▂▆▅▂▄▁▃█▆▄▃▄▁,0.09,█▏          ,█▁▃▁▁▁▁▂▂▁▁▁▁▁▁▁
insert,filters,1398,0.16,█▋        ,▁▁▃▁▁▂▁▁▆▃▅▅▄▄█▁,0.15,█▉          ,█▇▁▂▂▂▁▁▂▁▁▁▁▂▁▁
char,strings,1389,0.16,█▋        ,▁▁▁▁▄▆▂█▃▃█▇▄▂▄▁,0.19,██▎         ,█▁▄█▂▁▁▁▁▁▁▁▁▄▆▁
ansi,platform,1345,0.16,█▋        ,▅▁▃▂▂▂▂▁▁▁▃▇▂█▃▁,0.3,███▋        ,▂▁▂▄▁▁▁▁▁▁▁▁▁█▁▁
print,strings,1334,0.16,█▌        ,▄▂▅▃▃▂▃▃▂▃▅█▄▅▃▁,0.31,███▊        ,▆▄▅▅▂▂▁▄▁▁█▃▂▄▆▁
reject,filters,1314,0.15,█▌        ,▁▄▄▄█▃▆▂▃▃▅▃▅▄▃▁,0.13,█▋          ,█▁▃▁▂▁▁▂▁▂▁▁▁▁▁▁
table,viewers,1224,0.14,█▍        ,▂▁▁▁▂▁▂▃▃▂▄█▃▂▃▁,0.31,███▋        ,▅▂▇▁▄▁▁▂▂▁▃▄▁▂▁█
date now,date,1200,0.14,█▍        ,▂▂▃▂▂▂▂█▄▂▂▄▂▃▆▁,0.13,█▌          ,█▂▃▂▁▂▁▁▁▁▁▃▁▂▁▁
split row,strings,1186,0.14,█▍        ,█▁▃▂▂▃▂▃█▃▃▄█▂▂▁,0.17,██          ,█▂▄▃▂▁▁▃▁▁▁▁▁▂▇▁
help,core,1121,0.13,█▎        ,█▃▃▃▂▁▁▂▃▁▁▁▁▁▂▁,0.68,████████▏   ,▂▂▅▁▃▁▁▂▂▂▃█▁▁▇█
history,history,1019,0.12,█▎        ,▁▄█▇▇▆▄▅▂▄▁▂█▄▃▂,0.15,█▉          ,█▂█▁▂▁▁▃▁▁▁▅▁▁▁▁
transpose,filters,985,0.11,█▏        ,▃█▃▂▅▅▁▁▃▁▃▄▆▃▁▁,0.22,██▋         ,▇▃█▂▃▁▁▂▂▁▁▇▁▂▇▁
to yaml,formats,930,0.11,█▏        ,▁▁▁█▂▁▁▁▁▁▂▃▃▁▁▁,0.05,▋           ,█▁▁▁▁▁▁▁▁▁▁▁▁▁▁▁
into int,conversions,918,0.11,█▏        ,▆▆▂▂▅█▆▂▂▇▁▇▄▁▂▁,0.14,█▊          ,█▂▆▂▃▂▁▁▂▃▁▁▁▃▁▁
describe,core,838,0.1,█         ,▃█▃▇▆▅▄▃▄▃▅▃█▃▄▁,0.21,██▌         ,▅▁▅▃▃▁▁▇▁▁▂█▁▃▁▁
append,filters,827,0.1,█         ,▇█▄▃▃█▂▇▃▂▂▂▄▅▂▁,0.15,█▉          ,█▂▄▆▅▆▁▃▁▁▁▁▁▄▁▁
group-by,filters,802,0.09,▉         ,▂▃▂▁█▃▃▃▁▂▁▆▄▄▄▁,0.14,█▋          ,▇▇▅▂█▁▁▁▂▁▁▁▁▁▁▁
def,core,799,0.09,▉         ,█▃▄▃▃▃▁█▅▂▃▆▅▂▃▁,0.29,███▌        ,▃▁▅▇▄▁▁▂▁▁▁▄▁█▄▁
uniq,filters,772,0.09,▉         ,▄█▅▃▅▇▆▄▃▃▃▂▅▂▄▁,0.13,█▋          ,█▆▃▂▁▁▁▃▁▁▁█▁▁▁▁
format date,strings,764,0.09,▉         ,▁▁▁▁▁▁▃▆▃▂▃▅▁▄█▁,0.06,▊           ,█▃▁▂▁▁▁▁▁▁▁▁▁▁▁▁
rename,filters,764,0.09,▉         ,▄▇▂▁█▆▃▂▇▄▃▇▇▂▃▁,0.13,█▋          ,██▄▂▁▃▁▂▂▁▁▁▁▄▁▁
enumerate,filters,758,0.09,▉         ,▁▂▂▄▂▂▂▃▅▃▄▃▁█▂▁,0.08,█           ,█▁▂▂▁▁▁▂▁▁▁▁▁▄▁▁
wrap,filters,683,0.08,▊         ,▆▂▂▃▃▄▃█▂▅▄▄▆▄▆▁,0.08,▉           ,█▁▄▁▁▁▁▂▁▁▁▁▁▂▁▁
default,filters,655,0.08,▊         ,▂▂▁▂▃▆█▂▃▁▃▁▂▂▃▁,0.18,██▏         ,▅▇▄▆▆▁▁▃▁▁▁▁▁█▁▁
skip,filters,651,0.08,▊         ,▂█▂▄▂▂▁▂▂▂▂▂▂▆▂▁,0.14,█▋          ,▅▂▄▂█▁▁▃▁▁▁▁▁▂▁▁
timeit,debug,638,0.07,▊         ,▁▃▇▄▁▁▁▁▁█▂▁▂▁▁▁,0.13,█▋          ,▅▁▂▁▁▃▁▃▂▁█▁▁▁▁▁
overlay use,core,637,0.07,▊         ,█▄▂▃▂▄▄▄▂▁▃▃▂▃▁▁,0.05,▋           ,█▃▁▁▅▁▁▁▁▁▁▁▁▁▁▁
which,system,616,0.07,▊         ,▅▃▂█▃▃▃▃▂▁▁▄▂▂▄▁,0.27,███▎        ,▃▁▂▁▂▁▁▃▁▂▄▁▂▁█▁
rm,filesystem,601,0.07,▊         ,▃▄▅▃▂▄▂▂▂▂▃▄▅▂█▁,0.41,█████       ,▂▂▂▁▃▄▁▅▃▃▅▂▂▁█▁
str substring,strings,588,0.07,▋         ,▂▄▆▁▄▆▂▁▅▄▃▅▂▃█▁,0.1,█▏          ,█▂▂▃▁▁▁▁▁▁▁█▁▂▁▁
values,filters,572,0.07,▋         ,▂▂▂▅▃▂▂▃▃▂▁█▂▂▂▁,0.07,▉           ,█▄▂▁▁▁▁▁▂▁▁▁▁▂▁▁
fill,conversions,566,0.07,▋         ,▁▁▂▁▁▁▁▁▂▂▁█▁▁▁▁,0.11,█▎          ,▄▁▁▂▁▁▁▁▁▁▁█▁▁▁▁
par-each,filters,560,0.07,▋         ,▃█▅▃▄▃▄▁▁▁▁▂▂▁▁▁,0.05,▋           ,█▆▁▂▁▁▁▁▁▁▁▁▁▁▁▁
merge,filters,549,0.06,▋         ,▂▅▃▃█▃▃▄▄▃▁▃▃▂▂▁,0.16,██          ,▄▂█▁▄▂▁▂▄▁▁▁▁▂▁▁
term size,platform,545,0.06,▋         ,▁▁▁▁▁▁▁▁▁▁▁█▁▁▂▁,0.06,▊           ,█▁▅▁▁▁▁▁▃▁▁▁▁▁▁▁
mv,filesystem,545,0.06,▋         ,▁▁▄▄▃▅▂▃▂▂▃▂▃▃█▁,0.19,██▍         ,▅▃▂▁▅▄▁▇▅▂█▁▁▁▁▁
ansi strip,platform,533,0.06,▋         ,▁▁▁▂▃▂▁▂█▃▂▇▄▅▃▁,0.05,▋           ,█▁▅▁▁▁▁▁▁▁▁▁▁▂▁▁
columns,filters,514,0.06,▋         ,▂█▄▄▃▃▂▂▁▂▂▁▃▂▂▁,0.13,█▌          ,█▆▆▃▄▁▁▂▃▃▁▁▁▂▁▁
ast,debug,471,0.05,▌         ,▁▁▂▁▁▁▁▂▁▂▆▅▃▆█▁,0.03,▍           ,█▁▁▁▁▁▁▁▁▁▁▁▁▁▁▁
reduce,filters,463,0.05,▌         ,▃▆▃▃▃▂▂▂▂▂▂▃▄█▃▁,0.1,█▏          ,█▅▆▅▁▂▁▃▁▁▁▁▁▃▁▁
job,experimental,460,0.05,▌         ,▁█▅▇▂▇▂▁▁▁▁▁▁▁▁▁,0.02,▎           ,█▁▁▁▁▁▁▁▁▁▁▁▁▁▁▁
str trim,strings,444,0.05,▌         ,▁▄▁▁▃▅▄█▇▃▄▆▂▆▃▁,0.13,█▌          ,▆▆█▄▃▃▁▄▁▁▁▁▁▂▁▁
from yaml,formats,443,0.05,▌         ,▁▁▄█▂▆▆▁▁▂▄▁▃▂▂▁,0.04,▍           ,█▂▁▁▁▁▁▁▁▁▁▁▁▁▁▁
query db,database,441,0.05,▌         ,▁▁▁▁▁▁▁▁▁▂▃▆█▅▂▁,0.04,▍           ,█▂▁▂▁▁▁▁▁▁▁▁▁▁▁▁
help commands,core,437,0.05,▌         ,▁▃▁▂▅▃▁▂█▆▂▁▁▁▄▁,0.13,█▋          ,▅▁█▁▃▁▁▁▂▄▁▁▇▁▁▁
to nuon,formats,430,0.05,▌         ,▁▂▂▂▂▃▂▂▃▂▂▁█▃▄▁,0.1,█▎          ,▅▂▂▁▁▁▁▂▁▁▁█▁▄▁▁
split chars,strings,427,0.05,▌         ,▂▁▁▁▂▄▁▁▁▃▁▁▁█▂▁,0.06,▊           ,▆▁▄▂▁▁▁▁▁▁▁▁█▁▁▁
into string,conversions,427,0.05,▌         ,▃▆▁▁▂▅▃▄█▆▁▁▃▁▃▁,0.08,▉           ,█▃▄▇▁▂▁▁▁▁▁▁▁▃▁▁
to text,formats,426,0.05,▌         ,▁▂▁▁▁▁▁▁▁▁▁▂█▇▃▁,0.22,██▋         ,▃▆▃▁▁▁▁▄▁▄▄█▃▂▁▁
join,filters,425,0.05,▌         ,▁▁▁▁▂██▂▅▄▂▃▃▁▂▁,0.04,▌           ,█▂▂▁▁▁▁▁▁▁▁▁▁▁▁▁
path join,path,424,0.05,▌         ,▁▁▁▂▁▆▃▅▃▃▆▄▄▆█▂,0.11,█▎          ,▇▁▃▄▅▂▁▇▁▁▁█▁▁▁▁
items,filters,408,0.05,▌         ,▁▁▂▃█▂▃▂▂▁▄▅▃▂▃▁,0.07,▉           ,█▁▂▁▁▁▁▃▁█▁▁▁▁▁▁
into datetime,conversions,407,0.05,▌         ,▆▅▂█▃▄█▁▁▁▂▂▆▂█▁,0.1,█▏          ,▄▅█▂▁▁▁▁▁▂▁▁▁▁▁▁
seq,generators,360,0.04,▍         ,▃▁▁▁▂█▇▆▄█▇▃▁▆▃▁,0.07,▊           ,█▁▅▅▁▁▁▁▁▁▁▁▁▃▁▁
do,core,356,0.04,▍         ,█▃▃▃▂▄▂▂▁▄▁▂▃▁▁▁,0.27,███▎        ,▂▁▃▂▂▁▁▂▁▂▄▄▁▄█▁
reverse,filters,349,0.04,▍         ,▄▂▃▂▄█▁▂▂▁▁▁▂▅▆▁,0.09,█▏          ,▃▂▂▁▁▁▁▁▁▁▁█▁▁▁▁
cp,filesystem,325,0.04,▍         ,▂▇▄▆▃▃▃▅▄▅▃▁▆▆█▁,0.13,█▌          ,▄▂▂▁▅▂▁▅▁▁█▁▁▁▁▁
view source,debug,324,0.04,▍         ,▁▃▂▂▃▂▁▃▃▆▂▄█▂▂▁,0.05,▋           ,█▆▁▁▁▁▁▁▁▁▁▁▁▄▁▁
complete,system,324,0.04,▍         ,▇▄▃▁▁▄▁▄▃█▂▂▄▂▂▁,0.15,█▊          ,▂▁▂▁▁▁▁▂▁▂▁▁▁▁█▁
start,filesystem,323,0.04,▍         ,▁▂▂▂▂▁▁▄▅▅▂▂▂▂█▂,0.09,█           ,▃▁▂▁▁▂▁▃▁█▁▁▁▁▁▁
ps,system,319,0.04,▍         ,▁▁▁▂▂▁▂▁▂▁▁▁▆▁█▁,0.2,██▍         ,▂▁▂▁▁▁▃▃▁▁▁▃▁▁█▁
math sum,math,303,0.04,▍         ,▁▃▄▁█▂▃▁▂█▁▁▇▂▂▂,0.07,▊           ,█▆▃▁▇▁▁▁▁▁▁▁▁▁▁▁
to json,formats,294,0.03,▍         ,▃▂▁█▃▂▃▁▂▂▂▂▆▃▃▁,0.13,█▋          ,▃█▃▁▁▁▁▂▁▄▁▁▁▂▁▁
http get,network,292,0.03,▍         ,▁▃▃█▆▆▄▃▁▃▂▁▆▂▂▁,0.18,██▏         ,▂▁▃▁▁▁▁▃▂█▁▁▁▁▆▁
clear,platform,282,0.03,▍         ,▁▁▁▁▁▁▁▁▁▁▂█▁▁▁▁,0.14,█▋          ,▂▁▁▁▁▁▁▁█▂▁▁▁▁▁▁
sort,filters,277,0.03,▍         ,▂▁▃▂▃▅▂▄▂▁▂▂█▁▃▁,0.07,▉           ,▇▆▁▄▁█▁▁▄▁▁▁▁▁▁▁
str length,strings,274,0.03,▍         ,▂▂▁▂▂▃▂▁█▃▁▅▃▅▅▁,0.06,▊           ,▆▂█▅▁▁▁▁▁▁▁▁▁▁▁▁
skip until,filters,270,0.03,▍         ,▁▁▁▅▄▂▁▃▂▆▁▁▂█▁▁,0.04,▌           ,█▁▁▁▁▁▁▅▁▁▁▁▁▂▁▁
find,filters,269,0.03,▍         ,▂▅▃█▄▃▂▃▁▁▁▂▆▄▃▁,0.32,███▉        ,▂▅▃▁▄▁▁▃▁▁▂▂▁▂▃█
into binary,conversions,265,0.03,▎         ,▃▂▁▁▁▁▁▁▃▃▃▆█▁▅▁,0.08,▉           ,▄▁█▁▁▁▁▁▁▁▁▁▅▁▁▁
echo,core,262,0.03,▎         ,█▁▂▂▁▁▁▃▁▁▁▁▁▁▁▁,0.41,████▉       ,▁▂▃▂▂▂▁▂▁▁▃▅▁▂█▇
mkdir,filesystem,260,0.03,▎         ,█▅▇▄▂▄▄▅▄▃▇▂▆▃█▁,0.19,██▎         ,▃▂▂▁▄▃▁▄▄▃▄█▁▁▁▁
uniq-by,filters,258,0.03,▎         ,▁▁▂▁▂█▆▂▁▂▃▃▄▃▄▁,0.03,▍           ,█▂▁▁▁▁▁▁▁▁▁▁▁▁▁▁
explore,viewers,245,0.03,▎         ,▆▅▄▄▂▄▅▄▄▁▁▄█▃▆▂,0.13,█▌          ,▃▃▆▁▁▁▁▂▁█▁▇▁▁▁▁
ansi gradient,platform,245,0.03,▎         ,▂▁▁▂▁▁█▄▃▃▁▄▁▁▂▁,0.01,▏           ,█▁▁▁▁▁▁▁▁▁▁▁▁▁▁▁
window,filters,241,0.03,▎         ,▃▃▁▂▁█▁█▅▁▁▂▆▆▂▁,0.05,▌           ,█▃▆▁▁▁▁▆▁▁▁▁▁▁▁▁
drop,filters,236,0.03,▎         ,▅▁▂▄▂▂▁▃█▃▅▃▂▂▃▂,0.08,█           ,▃▁▁▁█▁▁▁▁▁▁▁▁▁▁▁
debug profile,debug,234,0.03,▎         ,▁▁▁▁▁▁▁▁▁█▅▂▂█▁▁,0.01,▏           ,█▁▁▁▁▁▁▁▁▁▁▁▁▁▁▁
prepend,filters,230,0.03,▎         ,▁▁▁█▂▃▁▃▅▄▃▁▄▇▁▁,0.1,█▎          ,▂▁▂▂▁▁▁▂▁▁▁▁▁▂█▁
path parse,path,212,0.02,▎         ,▁▃▆▃▂▇▁▅█▂█▅▁▃▂▃,0.08,█           ,▄▁▃▁▃▁▁▃▁▁▁█▁▁▁▁
path basename,path,209,0.02,▎         ,▁▁█▂▇▆▃▄▁▁▃▂▂▂▅▁,0.04,▌           ,█▁▁▃▁▂▁▆▁▁▁▁▁▁▁▁
path expand,path,208,0.02,▎         ,▁▃▃▁▁▂▁▂▃▄▇▂▄▂█▁,0.12,█▍          ,▃▁▂▂▂█▁▅▁▁▁▁▁▄▁▁
try,core,196,0.02,▎         ,▁█▃▃▂▂▁▃▃▃▁▂█▄▂▁,0.15,█▉          ,▂▂▂▂▁▂▁▁▁▁▁▅▁▄█▁
math round,math,196,0.02,▎         ,▁▁▁▁▂▁▁▁▁█▁▁▁▁▁▁,0.03,▍           ,█▁▁▄▁▁▁▁▁▁▁▁▁▃▁▁
sleep,platform,195,0.02,▎         ,▁▁▁▁▁▁▂▁▁█▁▃▂▂▁▁,0.08,█           ,▄█▄▁▁▄▁▅▁▁▁▁▁▁▁▁
export def,core,188,0.02,▎         ,▃▁▁▁▁▁▂▁▃█▅▃▆█▃▁,0.14,█▋          ,▂▃▁▇▂▁▁▁▁▁▁▁▁█▁▁
filter,filters,175,0.02,▎         ,▆█▄▆▁▂▂▄▆▁▁▂▂▅▁▁,0.13,█▌          ,▂▁▂▁▂▂▁▂▂▅█▁▁▁▁▁
overlay hide,core,173,0.02,▎         ,▄▃▂▁▁▅▆█▂▁▂▂▁▁▁▁,0.02,▎           ,█▁▁▁█▁▁▁▁▁▁▁▁▁▁▁
take until,filters,171,0.02,▎         ,▁▁▁▆▁▁▁▄▂▅▃▁▁█▁▁,0.02,▎           ,█▁▁▁▁▁▁▁▁▁▁▁▁▁▁▁
split column,strings,166,0.02,▎         ,▂▂▁▁▂▁▁▁▁▁▁▁█▂▆▁,0.08,█           ,▃▁█▂▁▃▁▁▂▁▁▁▁▁▁▁
scope commands,core,155,0.02,▏         ,▁▁▁▁▁▁▁▇▃▂▁▁▄▃█▁,0.05,▋           ,▅▂▁▂▁▁▁▁▁▁▁▁▁█▁▁
str upcase,strings,151,0.02,▏         ,▁▁▁▁▁▂▁▁▁▁▁█▁▁▁▁,0.02,▎           ,█▁▁▂▁▁▁▁▁▁▁▁▁▃▁▁
match,core,150,0.02,▏         ,▁▁▃▂▁▇▁▄▂▃▁▂██▂▁,0.06,▋           ,▃▁▁▃▁▁▁▁▁▁▁▁▁█▁▁
config nu,env,146,0.02,▏         ,▁▁▁▁▁▁▁▁▁▁▃▃█▃▇▄,0.06,▊           ,▂▁▁▁▃▂▁▁▁▁▁█▁▁▁▁
into float,conversions,145,0.02,▏         ,▁▁▁▁▁█▂▁▁▅▁▁▂▁▁▁,0.02,▎           ,█▁▁▃▁▁▁▁▁▁▁▁▁▃▁▁
split list,filters,141,0.02,▏         ,▁▁▁▁▁▃▁▁█▃▂▁▁▇▁▁,0.02,▎           ,█▂▁▂▁▂▁▁▁▁▁▁▁▁▁▁
inspect,debug,140,0.02,▏         ,▁▅█▄▂▃▂▄▃▃▃▂▃▁▂▁,0.04,▌           ,▅▁▆▁▁▁▁▁▁▁█▁▁▁▁▁
config flatten,debug,139,0.02,▏         ,▁▁▁▁▁▁▁▁▁▁▁▁█▂▁▁,0.01,▏           ,█▁▁▁▁▁▁▁▁▁▁▁▁▁▁▁
zip,filters,137,0.02,▏         ,▃▁▂▁▁▁▁▁▄█▁▁▄▁▁▁,0.07,▉           ,▆▁█▂▆▁▁▅▁▇▁▁▁▇▁▁
collect,filters,137,0.02,▏         ,▁▁▁▁▂▂▁▁▁▁█▃▁▁▂▁,0.07,▉           ,▂▁▂▁█▁▁▂▁▁▁▁▁▃▁▁
math max,math,137,0.02,▏         ,▁▁▂▃▄▂▄▁▁█▂▃▁▂▁▁,0.02,▎           ,█▁▁▃▁▁▁▁▁▁▁▁▁▄▁▁
into record,conversions,135,0.02,▏         ,▃█▁▅▂▂▁▁▂▁▃▂▅▁▂▂,0.09,█           ,▄▄▇▁▁▁▁▄▁▁█▁▁▄▁▁
path exists,path,133,0.02,▏         ,▃▂▁▂▃▃▂▂▅▁█▃▃▄▃▁,0.04,▌           ,█▁▆█▁▁▁▄▁▁▁▁▁▁▁▁
to md,formats,132,0.02,▏         ,▃▁▂▁▂▂▂▂▂█▁▂▃▁▂▂,0.06,▊           ,▆▆▄▂█▁▁▁▁▆▁▁▁▁▁▁
version,core,126,0.01,▏         ,▃▂▁▂▂▂▂▁▃▄▂▃█▄▁▆,0.23,██▊         ,▁▁▂▁▂▁▁▂▂▁▃▃▂▁█▁
random int,random,124,0.01,▏         ,▁▁▁▁▁▁▁▁▅█▂▁▄▁▁▁,0.03,▍           ,█▂▁▂▁▁▁▁▁▁▁▁▁▄▁▁
commandline edit,core,122,0.01,▏         ,▁▁▁▁▁▁▁▁█▂▅▁▂▄▁▁,0.01,▏           ,█▁▁▁▁▁▁▁▁▁▁▁▁▁▁▁
compact,filters,120,0.01,▏         ,▁▁▁▁▁▁▁▂▂▁██▇▃▄▁,0.03,▍           ,█▁█▂▁▁▁▁▁▁▁▁▁▄▁▁
hash sha256,hash,118,0.01,▏         ,▂▁▃▂▁▂▂▁▃▁▂▂▁▂█▁,0.01,▏           ,█▁▁▁▁▁▁▁▁▁▁▁▁▁▁▁
to,formats,112,0.01,▏         ,▁▁▁▁▁█▁█▅▂▁▁▁▁▂▁,0.11,█▎          ,▃▂▄▁█▁▂▄▄▇▁▁▁▁▁▁
move,filters,111,0.01,▏         ,▃▄▅▄█▄▄▂▁▁▁▁▃▅▂▁,0.04,▍           ,▆█▁▁▁▁▁▆▁▁▁▁▁▁▁▁
from nuon,formats,110,0.01,▏         ,▁▂▁▆▃▅▃▆▂▁▄▁█▁▁▁,0.07,▉           ,▂▂▁▁▁▁▁▁▁▁▁█▁▁▁▁
into duration,conversions,110,0.01,▏         ,▁▁▁▁▁▁▁▁▁█▁▂▄▁▁▁,0.05,▋           ,▃▂█▁▁▁▁▁▁▁▁▁▁▂▁▁
is-empty,filters,109,0.01,▏         ,▆▂▂█▁▂▃▂▅▁▂▁▃▄▃▁,0.16,█▉          ,▂▅▂▅▁▁▁▂▁▁▁▄▁█▁▁
path split,path,108,0.01,▏         ,▁▁▁▁▄▂▁▁█▁▃▂▂▁▃▁,0.05,▋           ,▃▁▁▁▁▁▁▇▁▁█▁▁▁▁▁
commandline,core,107,0.01,▏         ,▄▁▅▁▁▂▁▅█▁▁▁▂▂▂▁,0.08,█           ,▁▁▁▁▁▁▁▁▁▁▁█▁▁▁▁
mut,core,106,0.01,▏         ,█▁▁▅▁▁▁▅▁▂▂▁▁▁▃▁,0.12,█▌          ,▂▂▃▄▅▁▁▂▁▁▁▁▁█▁▁
help modules,core,105,0.01,▏         ,▁▁▁▁▂▁▁▃▁▁▁▄█▂▁▁,0.01,▏           ,█▁▁▁▁▁▁▁▁▁▁▁▁▁▁▁
from csv,formats,101,0.01,▏         ,▂▆▁▁█▂▁▁▁▁▂▂▁▁▁▁,0.11,█▍          ,▁█▂▁▁▁▁▁▁▅▁▁▁▁▁▁
scope variables,core,97,0.01,▏         ,▁▁▁▄█▁▁▃▁▂▁▁▂▁▂▂,0.01,▏           ,█▁▁▁▁▁▁▁▁▁▁▁▁▁▁▁
input list,platform,95,0.01,▏         ,▁▁▄▄▃▅█▅▁▁▁▁▅▅▄▁,0.02,▎           ,█▃▁▄▁▁▁▁▁▁▁▁▁▁▁▁
math,math,94,0.01,▏         ,▁▁▁▁▁▁▁▁▁█▁▁▁▁▁▁,0.01,▏           ,█▁▁▁▁▁▁▁▁▁▁▁▁▁▁▁
to csv,formats,92,0.01,▏         ,▁▂▄█▄▁▁▁▂▁▂▁▁▂▁▁,0.05,▌           ,▃█▄▁▁▁▁▁▁▁▁▁▁▁▁▁
str contains,strings,92,0.01,▏         ,█▁▂▂▁▂▂▁▂▁▂▂▅▁▁▁,0.07,▉           ,▂▃▁▂▁▁▁█▁▁▁▁▁▂▁▁
str downcase,strings,89,0.01,▏         ,▁▁▁▁▁▁▁▁▁▁▁▁█▁▁▁,0.02,▎           ,█▃▁█▁▁▁▁▁▁▁▁▁▁▁▁
str stats,strings,86,0.01,▏         ,▁▁▁▁▁▁▁▁█▁▁▁▅▁▁▁,0.01,▏           ,█▁▁▁▁▁▁▁▁▁▁▁▁▁▁▁
nu-highlight,strings,86,0.01,▏         ,▂▂▂▂▂▁▁▄▂█▂▂▃▃▃▁,0.05,▋           ,▃▁▂▁█▁▁▁▁▁▁▁▁▇▁▁
math min,math,86,0.01,▏         ,▁▁▁▃▃▁▂▁▁█▁▁▁▁▂▁,0.02,▎           ,▇▁▁▂▁▁▁▁▁▁▁▁▁█▁▁
headers,filters,85,0.01,▏         ,▁▁▁▁█▁▁▁▁▁▁▁▆▃▂▁,0.02,▎           ,█▁▇▂▁▁▁▁▁▁▁▁▁▁▁▁
du,filesystem,85,0.01,▏         ,▁▂▁▁▁▁▁▁▁▁▁▃█▁▅▂,0.07,▉           ,▂▁▂▁▃▁▁▁▂▁▁█▁▁▁▁
view span,debug,83,0.01,▏         ,▁▁▁▁▁▁▁▂▁█▆▄▁▁▁▁,0.02,▎           ,█▁▁▁▁▂▁▁▁▁▁▁▁▁▁▁
into cell-path,conversions,81,0.01,▏         ,▁▁▁▁▁▁▁▁▁▁▁▁█▁▁▁,0.01,▏           ,█▁▁▂▁▁▁▁▁▁▁▁▁▁▁▁
from tsv,formats,78,0.01,▏         ,█▁▄▆▁▁▁▆▁▁▁▁▃▁▁▁,0.09,█▏          ,▁▂▁▁▁▁▁▁▁▁▁█▁▁▁▁
path relative-to,path,78,0.01,▏         ,▁▁▁▁▃▄▁▁▁▁▆▁▃▂█▂,0.04,▌           ,▅▁▁▂▇▁▁█▁▁▁▁▁▁▁▁
math floor,math,76,0.01,▏         ,▁▁▆▁▁▃▁▁▁█▁▁▁▁▁▁,0.01,▏           ,█▁▁▃▁▁▁▁▁▁▁▁▁▁▁▁
grid,viewers,75,0.01,▏         ,▂▁▁▁▃▁▂▁▂▁▂▁▂█▁▁,0.02,▎           ,▅▁█▁▁▁▁▁▁▁▁▁▁▁▁▁
generate,generators,74,0.01,▏         ,▁▁▁▁▁█▂▂▄▁▃▁▁▃▂▁,0.01,▏           ,█▁▁▁▁▁▁▁▁▁▁▁▁▆▁▁
for,core,72,0.01,▏         ,▅▁█▄▁▂▁▂▁▁▂▂▁▁▁▂,0.16,██          ,▁▂▄▃▂▂▁▃▁▁▁█▁▃▁▁
math sqrt,math,69,0.01,▏         ,▁▁▁▁▃▁▁▁▁█▁▁▁▁▁▁,0.01,▏           ,█▁▁▂▁▁▁▁▁▁▁▁▁▁▁▁
detect columns,strings,66,0.01,▏         ,▂▁▁▁▁▁▁▁▁▁▁▁█▂▆▁,0.03,▍           ,▃▁█▁▁▁▁▁▁▁▁▁▁▁▁▁
update cells,filters,66,0.01,▏         ,▁▁▁▁▁▁▁▂▂▂▁█▂▁█▁,0.01,▏           ,█▁▁▂▁▁▁▁▁▁▁▁▁▁▁▁
scope modules,core,64,0.01,▏         ,▁▁▁▁▁▂▁█▂▁▁▁▁▁▂▁,0.02,▎           ,▅▁▁▁▁▁▁▁▁▁▁▁▁█▁▁
to toml,formats,64,0.01,▏         ,▁▂▃█▁▁▁▁▁▁▇▂▅▁▄▁,0.01,▏           ,█▂▁▁▁▁▁▁▁▁▁▁▁▁▁▁
keybindings default,platform,64,0.01,▏         ,▁▂▁▁▁▂▁▁▁▁▁▁█▁▂▁,0.02,▎           ,█▁█▁▁▁▁▁▁▁▁▁▁▁▁▁
math median,math,63,0.01,▏         ,▁▁▁▁▂▁▂▁▁█▂▁▁▁▁▁,0.01,▏           ,█▁▁▁▁▁▁▁▁▁▁▁▁▁▁▁
date format,removed,61,0.01,▏         ,▇▇█▁▁▁▁▂▁▁▁▁▁▁▁▁,0.04,▌           ,▂▃█▁▁▁▁▁▁▁▁▁▁▁▁▁
seq date,generators,61,0.01,▏         ,█▁▁▁▃▁▆▁▁▁▁▁▁▁▁▁,0.02,▎           ,▄▁█▁▁▁▁▁▁▁▁▁▁▁▁▁
keybindings list,platform,61,0.01,▏         ,▂▅▁▂▁▆▂▂▆▁▄▁█▄▂▂,0.02,▎           ,▇▃█▁▁▁▁▁▁▁▁▁▁▁▁▁
is-not-empty,filters,60,0.01,▏         ,▁▁▁▁▁▁▁▁▁▁▂▁▂█▄▁,0.07,▊           ,▁▁▁▂▁▁▁▁▁▁▁▁▁█▁▁
alias,core,58,0.01,▏         ,▄▂▂▁▁▁▁▁▁▂▁▁▄▂▁█,0.08,█           ,▂▁▆▆█▁▁▁▁▁▁▁▁▄▁▁
overlay list,core,56,0.01,▏         ,█▁▁▁▁▁▁▄▁▁▂▁▁▃▁▁,0.04,▌           ,▂▁▁▁█▁▁▁▁▁▁▁▁▁▁▁
str starts-with,strings,56,0.01,▏         ,▅▂▁▆▁▂▄█▁▁▂▁▁▁▁▁,0.08,▉           ,▂▂▁▅▁▂▁▄▁▁▁█▁▂▁▁
into,conversions,56,0.01,▏         ,█▁▁▁▁▄▁▁▁▁▁▁▁▁▁▁,0.11,█▍          ,▁▁▃▁▂▁▁▁▁▁▁█▁▁▁▁
let-env,removed,56,0.01,▏         ,█▅▄▄▁▁▁▁▁▁▁▁▁▁▁▁,0.21,██▌         ,▁▃▄▁▅▁▁▂▁▂█▁▁▁▆▁
stor open,database,55,0.01,▏         ,▁▁▁▁▁▁▁▁▁▅█▇▃▁▁▁,0.02,▎           ,▃█▁▁▁▁▁▁▁▁▁▁▁▁▁▁
debug,debug,55,0.01,▏         ,▇▂▃▂▆▅█▁▂▄▂▁▁▁▁▁,0.29,███▌        ,▁▁▃▁▂▁▁▁▁▃█▁▂▁▃▁
format duration,strings,54,0.01,▏         ,▁▁▁▁▁▁▁▂▂█▁▂▁▁▁▁,0.01,▏           ,█▁▁▂▁▁▁▁▁▁▁▁▁▁▁▁
keybindings listen,platform,54,0.01,▏         ,▁▂▂▂▁▂▂▁▁▁▃▂▃▅█▁,0.03,▍           ,▅▆█▁▁▁▁▆▁▁▁▁▁▁▁▁
plugin add,plugin,53,0.01,          ,▁▁▁▁▁▁▁▁▂█▁▂▂▁▂▁,0.01,▏           ,█▁▁▁▁▁▁▁▁▁▁▁▁▁▁▁
str,strings,50,0.01,          ,█▁▂▁▁▁▁▁▆▁▁▁▁▁▂▁,0.03,▍           ,▅█▁▁▁▂▂▁█▁▁▁▁▁▁▁
touch,filesystem,48,0.01,          ,▅▄▅▁▅▅█▃▅▅▃▄▁▂▃▂,0.03,▍           ,▄▅▁▁▁▄▁█▁▁▁▁▁▁▁▁
return,core,48,0.01,          ,▁▅▁▂▁▂▁▁▃▁▂▂▁█▂▁,0.07,▉           ,▁▁▂▅▁▁▁▁▁▁▁▁▁█▁▁
random,random,48,0.01,          ,▁▁▁▁▁█▁▁▁▁▁▁▁▁▁▁,0.01,▏           ,█▃▁▁▁▁▁▁▁▁▁▁▁▁▁▁
math log,math,47,0.01,          ,▁▁▃▁▁▁▁▁▂█▁▁▁▁▁▁,0.01,▏           ,█▁▁▂▁▁▁▁▁▁▁▁▁▁▁▁
sys,system,45,0.01,          ,▆▁█▁▁▂▁▃▂▁▂▁▁▁▁▂,0.21,██▋         ,▁▁▁▁▁▁▁▁▁▁▂▂▁▁▁█
decode,strings,44,0.01,          ,▁▁▂▂▁▁▁▁▁▁▂▁▂▃█▁,0.12,█▌          ,▁▁▂▁▁▁▁▁▁▁▁▁█▁▁▁
encode base64,formats,43,0.01,          ,▁▁▁▂▁▁▁▁▁▁▁█▂▅▂▁,0.02,▏           ,▇▁▁▂▁▁▁▁▁▁▁▁▁█▁▁
help escapes,core,42,0.0,          ,▁▁▁▁▁▁▁▁█▁▁▁▁▁▂▁,0.01,▏           ,█▁▁▁▁▁▁▁▁▁▁▁▁▁▁▁
metadata,debug,41,0.0,          ,▁▃▁▁█▁▂▆▂▅▃▇▁▂▁▁,0.14,█▊          ,▁▁▁▁▁▁▁▁▂▁▁▃▁█▁▁
config,env,40,0.0,          ,▁▁▁▁▁▁▁▁▁▁▁▁▁▅█▁,0.5,██████      ,▁▁▃▁█▁▁▅▁▂▆▂▂▁▆▅
history session,history,39,0.0,          ,▃▅▇▃▁█▄▂▁▁▁▄▁▃▆▁,0.01,▏           ,█▁▁▂▁▁▁▁▁▁▁▁▁▁▁▁
random uuid,random,39,0.0,          ,▁▁▁▁▁▁▁▁▁█▂▁▂▁▁▁,0.01,▏           ,▄▁▁█▁▁▁▁▁▁▁▁▁▁▁▁
http post,network,38,0.0,          ,▁▁▁▄█▁▁█▅▁▂▁▂▄▁▁,0.02,▎           ,▃▁▁▁▁▁▁▁▁█▁▁▁▁▁▁
nu-check,strings,37,0.0,          ,▃▁▁▂▁▁▁█▆▁▁▂▁▁▁▁,0.01,▏           ,█▁▁▂▁▁▁▁▁▁▁▁▁▁▁▁
random chars,random,37,0.0,          ,▁▁▁▁█▃▅▁▂▁▃▁▂▁▁▁,0.02,▎           ,▅█▁▃▁▁▁▁▁▁▁▁▁▁▁▁
error make,core,35,0.0,          ,▂▁▁▃▃█▃▂▃▂▄▁▅▁▄▂,0.1,█▎          ,▁▁▂▂▃▁▁▁▁▁▁▅▁█▁▁
path dirname,path,35,0.0,          ,▁▅▅▂▁█▂▂▃▂▄▂▁▄▃▄,0.04,▌           ,▂▁▃▂▁▁▁▁▁▁█▁▁▁▁▁
to tsv,formats,34,0.0,          ,▂▁▄▂▂▁▁█▂▁▁▁▁▁▁▁,0.03,▍           ,▃▇█▂▁▁▁▁▁▁▁▁▁▁▁▁
input,platform,33,0.0,          ,▄█▂▁█▄▂▆▂▁▁▃▁▃▁▂,0.11,█▍          ,▁▁▂▁▁▁▁▂█▁▁▁▁▁▁▁
job spawn,experimental,32,0.0,          ,▃▄▂▁▁█▁▁▁▁▁▁▁▂▁▁,0.01,▏           ,█▁▁▂▁▁▁▁▁▁▁▁▁▁▁▁
random float,random,32,0.0,          ,▁▁▁▁▁█▁▁▃▁▁▁▁▁▁▁,0.01,▏           ,█▁▁▄▁▁▁▁▁▁▁▁▁▁▁▁
math stddev,math,32,0.0,          ,▁▁▁▁▁▁▁▁▁█▁▁▁▁▁▁,0.01,▏           ,▅▁▁▁▁▁▁▁▁▁▁▁▁█▁▁
stor insert,database,31,0.0,          ,▁▁▁▁▁▁▁▁▁▁█▂▂▁▁▁,0.01,▏           ,█▇▁▄▁▁▁▁▁▁▁▁▁▁▁▁
explain,debug,31,0.0,          ,▁▅█▁▃▁▃▁▁▁▃▂▁▁▂▁,0.01,▏           ,█▂▁▁▁▁▁▁▁▁▁▁▁▁▁▁
tee,filters,31,0.0,          ,▂▁▁▁▁▁▁▄▅▁▁▁▁▃█▃,0.01,▏           ,█▁▁▂▁▁▁▁▁▁▁▁▁▁▁▁
path type,path,30,0.0,          ,▁▂▂▁▂▂▃▁█▁▁▁▁▁▅▆,0.03,▍           ,▂▁▁▁▁▁▁█▁▁▁▁▁▃▁▁
with-env,env,30,0.0,          ,▁▁▁▁▁▁▁▁▂▁▂▂▂█▇▁,0.04,▌           ,▂▁▁▁▁█▁▃▁▁▁▁▁▂▁▁
config env,env,30,0.0,          ,▁▁▁▁▁▁▁▂▁▁▆▄▂▁█▄,0.02,▎           ,▃▁▁▁█▂▁▁▁▁▁▁▁▁▁▁
term query,platform,29,0.0,          ,▁▁▁▁▁▁▁▁▁▁▁▁▁█▁▁,0.01,▏           ,▅▁▁▂▁▁▁▁▁▁▁▁▁█▁▁
stor create,database,28,0.0,          ,▁▁▁▁▁▁▁▁▁▁█▄▃▁▁▁,0.01,▏           ,█▅▁▃▁▁▁▁▁▁▁▁▁▁▁▁
format,strings,27,0.0,          ,▁▁▁▁▁▁▁▁▁▁█▁▁▁▁▁,0.07,▉           ,▁▁▅▁▁▁▁▃▁▁▁█▁▁▁▁
str index-of,strings,26,0.0,          ,▃▁▁▂▁▃▂█▄▃▁▁▂▁▃▁,0.01,▏           ,█▁▁▃▁▂▁▁▁▁▁▁▁▁▁▁
date humanize,date,25,0.0,          ,▄▁▅▃▁▂▁▁▁▁▁▅▃▁█▁,0.01,▏           ,█▃▁▁▁▂▁▁▁▁▁▁▁▁▁▁
mktemp,filesystem,23,0.0,          ,▁▁▁▁▁▁▁▁▁▃█▁▁▁▁▁,0.01,▏           ,█▁▁▄▁▁▁▁▁▁▁▁▁▁▁▁
decode base64,formats,23,0.0,          ,▁▂▁▂▁▁▁▁▁▁▁▁▁█▂▁,0.03,▍           ,▂▁█▂▁▁▁▁▁▁▁▁▁▃▁▁
encode hex,formats,23,0.0,          ,▁▁▁▁▁▁▂▁█▄▁▁▁▁▂▁,0.0,            ,█▁▁▁▁▁▁▁▁▁▁▁▁▁▁▁
to msgpackz,formats,23,0.0,          ,▁▁▁▁▁▁▁▁▁█▁▁▁▁▁▁,0.0,            ,█▁▁▁▁▁▁▁▁▁▁▁▁▁▁▁
help operators,core,22,0.0,          ,▁▁▂▁▁▁▁▁▁█▃▄▄▁▃▁,0.01,▏           ,▂▁█▁▁▁▁▁▁▁▁▁▁▁▁▁
from xml,formats,22,0.0,          ,▅▁▁█▁▁▁▁▁▁▁▁▁▁▂▁,0.07,▊           ,▁▁▁▁█▁▁▂▁▁▁▁▁▁▁▁
into filesize,conversions,22,0.0,          ,▁▃▁▁▁▂▁▁▁▁▁▁█▁▁▁,0.01,▏           ,▄▁█▂▁▁▁▁▁▁▁▁▁▁▁▁
math ceil,math,22,0.0,          ,▁▁▁▁▁█▁▁▁▁▁▁▁▁▁▁,0.02,▎           ,▂▁█▁▁▁▁▁▁▁▁▁▁▁▁▁
to msgpack,formats,21,0.0,          ,▁▁▁▁▁▁▁▁▁█▂▁▁▁▁▁,0.0,            ,█▁▁▁▁▁▁▁▁▁▁▁▁▁▁▁
encode,strings,21,0.0,          ,▃▂▁█▂▁▁▁▂▃▁▁▁▃▂▁,0.14,█▊          ,▁▁▁▁▄▁▁▁▁▁▁▁█▁▁▁
hash md5,hash,19,0.0,          ,▃▁▁▅▂▁▁▁▃▁▂▁▂▁█▁,0.0,            ,█▁▁▁▁▁▁▁▁▁▁▁▁▁▁▁
into value,conversions,19,0.0,          ,▁▁▁▁▁▁▃▁▁▁▁▂█▃▁▁,0.0,            ,█▁▁▁▁▁▁▁▁▁▁▁▁▁▁▁
seq char,generators,19,0.0,          ,▁▁▁▂▁▂▁▁▁▁▁▁▅▁█▁,0.0,            ,█▁▁▁▁▁▁▁▁▁▁▁▁▁▁▁
str capitalize,strings,19,0.0,          ,▁▁▄▁▁▁▁▁▁█▁▂▁▁▁▁,0.01,▏           ,█▁▁▄▁▁▁▁▁▁▁▁▁▁▁▁
math product,math,18,0.0,          ,▁▁▁▁▁▁▁▁▆▇▁█▁▁▁▁,0.01,▏           ,█▁▁▂▁▁▁▁▁▁▁▁▁▁▁▁
str distance,strings,18,0.0,          ,▁▃▁▁▁▁▁▁█▇▁▁▂▁▁▁,0.01,▏           ,█▁▁▂▁▁▁▁▁▁▁▁▁▁▁▁
from toml,formats,17,0.0,          ,▁▁▁▁▁▁▁▁▁▁█▁▁▁▁▁,0.01,▏           ,█▃▁▃▁▁▁▁▁▁▁▁▁▁▁▁
tutor,misc,17,0.0,          ,▁▁▁▁▃▁▁▁▁▁▁▁█▁▁▁,0.03,▎           ,▁▁▁▁▁▁▁▁▁▁▁█▁▁▁▁
export-env,env,17,0.0,          ,▆▁▁▁▁▁▁▁█▁▂▂▁▁▄▁,0.03,▍           ,▂▁▁▄▁▁▁▁▁▁▁▁▁█▁▁
view ir,debug,16,0.0,          ,▁▁▁▁▁▁▁▁▁▁█▃▁▂▁▁,0.0,            ,█▁▁▁▁▁▁▁▁▁▁▁▁▁▁▁
stor reset,database,16,0.0,          ,▁▁▁▁▁▁▁▁▁▁█▃▂▁▁▁,0.01,▏           ,█▂▁▁▁▁▁▁▁▁▁▁▁▁▁▁
const,core,16,0.0,          ,▁▁▁▁▁▂▁▁▁▁▁▁█▁▅▁,0.06,▊           ,▁▁▁█▇▁▁▁▁▁▁▁▁▆▁▁
plugin list,plugin,15,0.0,          ,▁▁▁▁▁▁▁▁▆▇█▁▁▁▁▁,0.01,▏           ,█▁▁▂▁▁▁▁▁▁▁▁▁▁▁▁
math abs,math,15,0.0,          ,▁▁▁▁▁▁▁▁▁█▁▁▁▁▂▁,0.03,▍           ,▁▁▁▂█▁▁▁▁▁▁▁▁▁▁▁
hide-env,core,15,0.0,          ,▁▁▁▁▁▁▁▁▁▁▁▁▁▁█▂,0.01,▏           ,▂▁▁█▁▁▁▁▁▁▁▁▁▁▁▁
take,filters,15,0.0,          ,▄▁▁█▄▁▁▁▁▁▄▄▂▁▂▁,0.13,█▌          ,▁█▂▁▁▁▁▁▁▁▁▁▁▁▁▁
query,filters,15,0.0,          ,▁▁▁▁▁▁▁▁▁▁▂█▁▁█▁,0.02,▎           ,▂▁█▂▁▁▁▁▁▁▁▁▁▁▁▁
url parse,network,15,0.0,          ,▁▁▁▁▁▁▁▁▁▁▁▁▁█▅▁,0.0,            ,█▁▁▁▁▁▁▁▁▁▁▁▁▁▁▁
job kill,experimental,14,0.0,          ,▁▁▁▁▁█▂▁▁▁▁▁▁▁▁▁,0.0,            ,█▁▁▁▁▁▁▁▁▁▁▁▁▁▁▁
math avg,math,14,0.0,          ,▁▁▁▁█▁█▁▁▂▁▁▂▁▁▁,0.05,▋           ,▁▁▁▂█▁▁▁▁▁▁▁▁▂▁▁
cal,generators,14,0.0,          ,▁▁▁▁▁▁▁█▁▁▁▁▁▁█▁,0.02,▎           ,▁▁█▁▁▁▁▁▁▁▁▁▁▁▁▁
each while,filters,13,0.0,          ,█▅▂▁▁▁▁▁▁▁▁▁▁▁▁▁,0.03,▍           ,▁▁▁▁▁▁▁▁▁▁▁█▁▁▁▁
module,core,13,0.0,          ,▄▁▂▁▁▄▄▂▁▁▁█▁▁▁▁,0.05,▋           ,▁▁▁▁█▁▁▁▁▁▁▁▁▁▁▁
str expand,strings,12,0.0,          ,▁▁▁▂▁▁▂█▁▁▁▁▁▄▂▄,0.02,▎           ,▂▁▁▁▁█▁▁▁▁▁▁▁▁▁▁
histogram,chart,12,0.0,          ,▁▁▂▁█▁▁▁▁▂▁▁▂▁▁▁,0.04,▌           ,▁▁▂▁█▁▁▁▁▁▁▁▁▁▁▁
keybindings,platform,11,0.0,          ,▅█▅█▁█▁█▁▁▁▁▁▅▁▁,0.04,▍           ,▁▁█▁▁▁▁▃▁▁▁▁▁▁▁▁
break,core,11,0.0,          ,▁▁▁▂▁▁▁▁▁▁▁▂▃▁█▁,0.04,▍           ,▂▁█▆▁▃▁▆▁▁▁▁▁▁▁▁
date,date,11,0.0,          ,▃▆▁▁▁▆▁▆█▁▁▁▃▁▁▁,0.03,▍           ,▁▂█▁▁▁▁▁▁▁▁▁▁▁▁▁
any,filters,10,0.0,          ,▁▁▁▁▁▁▁▃▅▁█▃▃▁▃▁,0.15,█▊          ,▁▁▂▁▁▂▁▃▁▁▃█▁▁▁▁
random dice,random,10,0.0,          ,▅▆▁▁▁▁▁▁▁▁▃▁▁█▁▁,0.02,▎           ,▂▁▁▁▁▁▁▁▁▁▁▁▁█▁▁
format pattern,strings,10,0.0,          ,▁▁▁▁▁▁▁▂▅█▁▁▁▁▂▁,0.01,            ,█▁▁▅▁▁▁▁▁▁▁▁▁▁▁▁
commandline get-cursor,core,9,0.0,          ,▁▁▁▁▁▁▁▁▁▁▁▁▂█▂▁,0.0,            ,█▁▁▁▁▁▁▁▁▁▁▁▁▁▁▁
watch,filesystem,9,0.0,          ,▂▁▁▁▁▂▁▁█▁▁▁▁▁▁▁,0.01,▏           ,▄▁▁▁▁█▁▁▁▁▁▁▁▁▁▁
overlay,core,9,0.0,          ,█▁▁▁▁▂▁▂▁▁▁▁▁▁▁▁,0.11,█▎          ,▁▁▁▁█▁▁▁▁▁▁▁▁▁▁▁
into sqlite,conversions,8,0.0,          ,▁▁▁▁▁▁▁▁▁▁▃█▁▁▁▁,0.0,            ,█▁▁▆▁▁▁▁▁▁▁▁▁▁▁▁
into glob,conversions,8,0.0,          ,▁▁▁▁▁▁▁▁▁█▁▁▁▁▃▁,0.01,▏           ,▃▁▁█▁▁▁▁▁▁▁▁▁▁▁▁
input listen,platform,8,0.0,          ,▁▁▁▁▁▁▁█▁▁▁▁▂▁▄▁,0.02,▎           ,▂▁▁▁▁▁▁▁▁▁▁▁▁█▁▁
overlay new,core,8,0.0,          ,█▁▁▁▁▁▁▁▁▁█▁▁▆▁▁,0.02,▎           ,▁▁▁▁█▁▁▁▁▁▁▁▁▁▁▁
commandline set-cursor,core,8,0.0,          ,▁▁▁▁▁▁▁▁▁▁█▁▁█▁▁,0.0,            ,█▁▁▁▁▁▁▁▁▁▁▁▁▁▁▁
stor import,database,8,0.0,          ,▁▁▁▁▁▁▁▁▁█▁█▆▁▁▁,0.0,            ,█▁▁▁▁▁▁▁▁▁▁▁▁▁▁▁
merge deep,filters,7,0.0,          ,▁▁▁▁▁▁▁▁▁▁▁▁▅▃█▁,0.0,            ,█▁▁▁▁▁▁▁▁▁▁▁▁▁▁▁
plugin rm,plugin,7,0.0,          ,▁▁▁▁▁▁▁▁▁▅▃█▁▁▁▁,0.0,            ,█▁▁▁▁▁▁▁▁▁▁▁▁▁▁▁
url join,network,7,0.0,          ,▁▁▁▂▁▁▁▁▂▁▁▁▁█▁▁,0.0,            ,█▁▁▁▁▁▁▁▁▁▁▁▁▁▁▁
stor update,database,7,0.0,          ,▁▁▁▁▁▁▁▁▁▂█▁▁▁▁▁,0.0,            ,█▆▁▁▁▁▁▁▁▁▁▁▁▁▁▁
exit,shells,7,0.0,          ,▁▁▂▁▁▁▁▁█▁▁▁▁▁▁▁,0.27,███▎        ,▁▂▁▁▁█▁▁▁▂▁▁▂▁▁▁
plugin use,plugin,6,0.0,          ,▁▁▁▁▁▁▁▁█▁▁▁▁▁▁▁,0.0,            ,█▁▁▁▁▁▁▁▁▁▁▁▁▁▁▁
whoami,platform,6,0.0,          ,▅▁▁▁▁▅▁▁▅▁▁▅▁▁█▁,0.0,            ,█▁▁▁▁▁▁▁▁▁▁▁▁▁▁▁
loop,core,6,0.0,          ,▁▁▁▁▁▃▁▁▁▁▃▁▃▁█▁,0.04,▌           ,▁▁▃▂▁█▁▁▁▁▁▁▁▃▁▁
ignore,core,6,0.0,          ,█▁▁▁▁▁▁▁▁▁▁▁▃▃▁▁,0.11,█▎          ,▁▁▁▁▁▁▁▂▁▁▁▁▁▄█▁
str ends-with,strings,6,0.0,          ,▁▁▁█▁▃▁▆▁▁▁▁▁▁▁▁,0.01,▏           ,▂▁▁█▁▁▁▁▁▁▁▁▁▁▁▁
view files,debug,6,0.0,          ,▁▁▁▁▃▆▁█▁▁▁▁▁▁▁▁,0.02,▎           ,▁▁█▁▁▁▁▁▁▁▁▁▁▁▁▁
job list,experimental,5,0.0,          ,▁▁▁▁▁▁▁▁▁▁▁▁▁▃▃█,0.0,            ,█▁▁▁▁▁▁▁▁▁▁▁▁▁▁▁
roll up,filters,5,0.0,          ,▁▁▁▁▁▁▁▁█▁▃▁▁▁▁▁,0.0,            ,█▁▁▁▁▁▁▁▁▁▁▁▁▁▁▁
to html,formats,5,0.0,          ,▁▁▁▁▁▁▁█▆▁▁▁▁▁▁▁,0.0,            ,█▁▁▁▁▁▁▁▁▁▁▁▁▁▁▁
rotate,filters,5,0.0,          ,▁█▁▁▁▁▃▁▁▁▁▁▁▁▁▁,0.0,            ,▇▁▁█▁▁▁▁▁▁▁▁▁▁▁▁
sys cpu,system,5,0.0,          ,▁▁▁▁▁▁▁▁▁█▃▁▃▁▁▁,0.0,            ,▇▁▁█▁▁▁▁▁▁▁▁▁▁▁▁
while,core,5,0.0,          ,▁▁▁▁▁▅█▅▁▁▁▁▁▁▅▁,0.04,▌           ,▁▃█▂▁▁▁▆▁▁▁▁▁▁▁▁
exec,system,5,0.0,          ,▁█▆▁▁▁▁▁▁▁▁▁▁▁▁▁,0.06,▊           ,▁▁▁▁▁▁▁▂▁▁▁▁▁▁█▁
split,strings,5,0.0,          ,▃▁▁▁▁▃▁▁█▁▁▁▁▁▁▁,0.01,▏           ,▃▅▁▁▁█▁▁▁▁▁▁▁▁▁▁
run-external,system,5,0.0,          ,▃▁▁▃▁▁▁▁█▁▁▁▁▁▁▁,0.1,█▎          ,▁▁▁▁▁▁▁▁▁▁▁▁▁▁█▁
date to-timezone,date,5,0.0,          ,▁▁▁▁█▁▁▁▁▁▁▁▁▁▁▁,0.02,▎           ,▁▁▁▂▁▂▁▁▁▁▁▁▁█▁▁
into bool,conversions,4,0.0,          ,▁▁▁▁▁▁█▅▅▁▁▁▁▁▁▁,0.0,            ,▅▁▁▁▁█▁▁▁▁▁▁▁▁▁▁
metadata access,debug,4,0.0,          ,▁▁▁▁▁▁▁▁▁▁▁▁▁▁█▁,0.0,            ,█▁▁▁▁▁▁▁▁▁▁▁▁▁▁▁
all,filters,4,0.0,          ,▁▁▅▁▅▁▁▁▁▁▁█▁▁▁▁,0.2,██▍         ,▁▁▂▁█▁▁▁▂▂▁▅▁▁▁▁
hide,core,4,0.0,          ,█▁▁▁▁▁▁▁▁▁▁▁▁▁▁▁,0.03,▍           ,▁▁▅▁█▁▁▁▁▁▁▁▁▁▁▁
sys host,system,4,0.0,          ,▁▁▁▁▁▁▁▁▁█▃▁▁▁▁▁,0.0,            ,█▁▁▆▁▁▁▁▁▁▁▁▁▁▁▁
bytes add,bytes,3,0.0,          ,▁▁▁▁▁▁▁▁▁▁▁▁▁█▁▁,0.0,            ,█▁▁█▁▁▁▁▁▁▁▁▁▁▁▁
from ssv,formats,3,0.0,          ,▁▁▁▁▁▁▁▁▁█▁▁▁▁▁▁,0.04,▌           ,▁▅█▅▁▁▁▁▁▁▁▁▁▁▁▁
export,core,3,0.0,          ,▁▁▁▅▁▁▁▁█▁▁▁▁▁▁▁,0.05,▌           ,▁▁▁▁█▁▁▁▄▁▁▁▁▁▁▁
stor,database,3,0.0,          ,▁▁▁▁▁▁█▁▁█▁▁▁█▁▁,0.01,▏           ,▂█▁▁▁▁▁▁▁▁▁▁▁▁▁▁
bytes index-of,bytes,3,0.0,          ,▁▁▁▁▁▁▁▁▁▁█▁▁▁▁▁,0.01,▏           ,▁▁█▁▁▁▁▁▁▁▁▁▁▁▁▁
bytes build,bytes,3,0.0,          ,▁▁▁▁▁▁▁▁▁▁▁▁▁█▁▁,0.0,            ,█▁▁▁▁▁▁▁▁▁▁▁▁▁▁▁
debug info,debug,3,0.0,          ,▁▁▁▁▁▅▁▁▁▁█▁▁▁▁▁,0.0,            ,█▁▁▁▁▁▁▁▁▁▁▁▁▁▁▁
from msgpackz,formats,3,0.0,          ,▁▁▁▁▁▁▁▁▁█▁▁▁▁▁▁,0.0,            ,█▁▁▁▁▁▁▁▁▁▁▁▁▁▁▁
stor export,database,3,0.0,          ,▁▁▁▁▁▁▁▁▁▁▁█▅▁▁▁,0.0,            ,█▁▁▁▁▁▁▁▁▁▁▁▁▁▁▁
view blocks,debug,3,0.0,          ,▁▁▁▁▁▁▁▁▁▁▁▁▁▁█▁,0.0,            ,█▁▁▁▁▁▁▁▁▁▁▁▁▁▁▁
split words,strings,3,0.0,          ,▁▁▁▁▁▁█▁▁▁▁▁▁▁▁▁,0.02,▎           ,▁▁█▁▁▁▁▁▁▁▁▁▁▁▁▁
load-env,filesystem,3,0.0,          ,▁▁▁▁▁▁▁▁▁▁█▁▁██▁,0.02,▎           ,▁▁▁█▁▁▁▁▁▁▁▁▁▅▁▁
drop column,filters,3,0.0,          ,█▁▁▁▁▅▁▁▁▁▁▁▁▁▁▁,0.0,            ,▄█▁▁▁▁▁▁▁▁▁▁▁▁▁▁
stor delete,database,3,0.0,          ,▁▁▁▁▁▁▁▁▁▁▅█▁▁▁▁,0.0,            ,▄█▁▁▁▁▁▁▁▁▁▁▁▁▁▁
scope aliases,core,2,0.0,          ,▁▁▁▁▁▁▁▁▁▁▁▁█▁▁▁,0.02,▎           ,▁▁▁▁▁▂▁▁▁▁▁▁▁█▁▁
drop nth,filters,2,0.0,          ,█▁▁▁▁▁▁▁▁▁▁▁▁▁▁▁,0.0,            ,▆▁▁█▁▁▁▁▁▁▁▁▁▁▁▁
format filesize,strings,2,0.0,          ,▁▁▁▁▁▁▁▁▁▁▁▁▁█▁▁,0.0,            ,▆▁▁█▁▁▁▁▁▁▁▁▁▁▁▁
metadata set,debug,2,0.0,          ,▁▁▁▁▁▁▁▁▁▁█▁▁▁▁▁,0.0,            ,▆▁▁█▁▁▁▁▁▁▁▁▁▁▁▁
plugin,plugin,2,0.0,          ,▁▁▁▁▁▁▁▁██▁▁▁▁▁▁,0.0,            ,▆▁▁█▁▁▁▁▁▁▁▁▁▁▁▁
schema,database,2,0.0,          ,█▁▁▁▁▁▁▁▁█▁▁▁▁▁▁,0.03,▍           ,▁▂█▁▁▁▁▁▇▁▁▁▁▁▁▁
view,debug,2,0.0,          ,▁▁█▁█▁▁▁▁▁▁▁▁▁▁▁,0.06,▋           ,▁▁▃▁█▁▁▁▅▁▁▁▁▁▁▁
help aliases,core,2,0.0,          ,▁▁█▁█▁▁▁▁▁▁▁▁▁▁▁,0.01,▏           ,▁▁█▁▁▁▁▁▁▁▁▁▁▁▁▁
help externs,core,2,0.0,          ,▁▁█▁▁▁▁▁▁▁▁▁█▁▁▁,0.0,            ,█▁▁▁▁▁▁▁▁▁▁▁▁▁▁▁
help pipe-and-redirect,core,2,0.0,          ,▁▁▁▁▁▁▁▁▁▁▁▁▁▁█▁,0.0,            ,█▁▁▁▁▁▁▁▁▁▁▁▁▁▁▁
history import,history,2,0.0,          ,▁▁▁▁▁▁▁▁▁▁▁▁█▁▁▁,0.0,            ,█▁▁▁▁▁▁▁▁▁▁▁▁▁▁▁
math exp,math,2,0.0,          ,▁▁▁▁▁▁▁▁▁█▁▁▁▁▁▁,0.0,            ,█▁▁▁▁▁▁▁▁▁▁▁▁▁▁▁
math ln,math,2,0.0,          ,▁▁▁▁▁▁▁▁▁▁▁█▁▁▁▁,0.0,            ,█▁▁▁▁▁▁▁▁▁▁▁▁▁▁▁
roll down,filters,2,0.0,          ,█▁▁▁▁▁▁█▁▁▁▁▁▁▁▁,0.0,            ,█▁▁▁▁▁▁▁▁▁▁▁▁▁▁▁
scope engine-stats,core,2,0.0,          ,▁▁▁▁█▁▁▁▁▁▁▁█▁▁▁,0.0,            ,█▁▁▁▁▁▁▁▁▁▁▁▁▁▁▁
export extern,core,2,0.0,          ,▁▁▁▁▁▁▁▁▁█▁▁▁▁▁▁,0.01,▏           ,▂▇▁▂▁█▁▁▁▁▁▁▁▁▁▁
from,formats,2,0.0,          ,▁▁▁▁▁▁▁█▁█▁▁▁▁▁▁,0.16,██          ,▁▁▂▁▂▁▁▁▂█▁▂▁▁▁▁
take while,filters,2,0.0,          ,▁▁▁▁▁▁▁██▁▁▁▁▁▁▁,0.02,▎           ,▁▂▁▁▁▁▁█▁▁▁▁▁▁▁▁
scope,core,2,0.0,          ,▁▁▁█▁▁▁▁▁▁▁▁█▁▁▁,0.02,▎           ,▁▁▁▁▁▁▁▁█▁▁▁▁▁▁▁
export use,core,2,0.0,          ,▁▁▁▁▁▁▁▁█▁▁▁▁▁▁▁,0.02,▎           ,▁▁▁▅▁▁▁▁▁▁▁▁▁█▁▁
kill,platform,2,0.0,          ,▁▁▁▁▁▁▁▁▁▁▁▁▁▁█▁,0.03,▍           ,▁▁▁▁▁▁▁█▁▁▁▁▁▁▁▁
random bool,random,1,0.0,          ,▁▁▁▁▁▁▁▁▁▁█▁▁▁▁▁,0.0,            ,▂▁▁█▁▁▁▁▁▁▁▁▁▁▁▁
path self,path,1,0.0,          ,▁▁▁▁▁▁▁▁▁▁▁▁▁▁█▁,0.0,            ,▂▁▁█▁▁▁▁▁▁▁▁▁▁▁▁
export alias,core,1,0.0,          ,▁▁▁▁▁▁▁▁▁▁▁▁▁█▁▁,0.07,▊           ,▁▁▁█▁▁▁▁▁▁▁▁▁▇▁▁
chunks,filters,1,0.0,          ,▁▁▁▁▁▁▁▁▁▁█▁▁▁▁▁,0.0,            ,█▁▁▁▁▁▁▁▁▁▁▁▁▁▁▁
config reset,env,1,0.0,          ,▁▁▁▁▁▁▁▁█▁▁▁▁▁▁▁,0.0,            ,█▁▁▁▁▁▁▁▁▁▁▁▁▁▁▁
decode base32hex,formats,1,0.0,          ,▁▁▁▁▁▁▁▁▁▁▁▁█▁▁▁,0.0,            ,█▁▁▁▁▁▁▁▁▁▁▁▁▁▁▁
from msgpack,formats,1,0.0,          ,▁▁▁▁▁▁▁▁▁▁█▁▁▁▁▁,0.0,            ,█▁▁▁▁▁▁▁▁▁▁▁▁▁▁▁
hash,hash,1,0.0,          ,▁▁▁▁▁▁▁▁▁▁█▁▁▁▁▁,0.0,            ,█▁▁▁▁▁▁▁▁▁▁▁▁▁▁▁
http options,network,1,0.0,          ,▁▁▁▁█▁▁▁▁▁▁▁▁▁▁▁,0.0,            ,█▁▁▁▁▁▁▁▁▁▁▁▁▁▁▁
job unfreeze,experimental,1,0.0,          ,▁▁▁▁▁▁▁▁▁▁▁▁▁▁█▁,0.0,            ,█▁▁▁▁▁▁▁▁▁▁▁▁▁▁▁
plugin stop,plugin,1,0.0,          ,▁▁▁▁▁▁▁▁▁█▁▁▁▁▁▁,0.0,            ,█▁▁▁▁▁▁▁▁▁▁▁▁▁▁▁
scope externs,core,1,0.0,          ,▁▁▁▁▁▁▁▁▁▁▁▁█▁▁▁,0.0,            ,█▁▁▁▁▁▁▁▁▁▁▁▁▁▁▁
sys mem,system,1,0.0,          ,▁▁▁▁▁▁▁▁▁█▁▁▁▁▁▁,0.0,            ,█▁▁▁▁▁▁▁▁▁▁▁▁▁▁▁
ulimit,platform,1,0.0,          ,▁▁▁▁▁▁▁▁█▁▁▁▁▁▁▁,0.0,            ,█▁▁▁▁▁▁▁▁▁▁▁▁▁▁▁
uname,system,1,0.0,          ,▁▁█▁▁▁▁▁▁▁▁▁▁▁▁▁,0.0,            ,█▁▁▁▁▁▁▁▁▁▁▁▁▁▁▁
slice,filters,1,0.0,          ,▁▁▁█▁▁▁▁▁▁▁▁▁▁▁▁,0.01,▏           ,▁▁▁█▁▁▁▁▁▁▁▁▁▁▁▁
extern,core,1,0.0,          ,▁▁▁▁▁▁▁▁▁▁▁▁▁▁█▁,0.12,█▌          ,▁▁▁▁▇▁▁▁▁▁▁▁▁▁█▁
continue,core,1,0.0,          ,▁▁▁▁▁▁▁▁▁▁▁▁█▁▁▁,0.01,▏           ,▁▁▁█▁▁▆▁▁▁▁▁▁▁▁▁
format number,conversions,1,0.0,          ,▁▁▁▁▁▁▁▁▁▁▁▁▁█▁▁,0.02,▎           ,▁▁▁▁▁▁▁▁▁▁▁▁▁█▁▁
to xml,formats,1,0.0,          ,▁▁▁▁▁▁▁▁▁▁▁▁▁▁█▁,0.0,            ,▄█▁▁▁▁▁▁▁▁▁▁▁▁▁▁
skip while,filters,1,0.0,          ,▁█▁▁▁▁▁▁▁▁▁▁▁▁▁▁,0.0,            ,▃▁▁█▁▁▁▁▁▁▁▁▁▁▁▁
split cell-path,conversions,1,0.0,          ,▁▁▁▁▁▁▁▁▁▁▁▁▁█▁▁,0.0,            ,▂▁▁█▁▁▁▁▁▁▁▁▁▁▁▁
url build-query,network,1,0.0,          ,▁▁▁▁▁▁▁▁▁▁▁▁▁█▁▁,0.0,            ,▂▁▁█▁▁▁▁▁▁▁▁▁▁▁▁
export module,core,1,0.0,          ,▁▁▁▁▁▁▁▁▁█▁▁▁▁▁▁,0.05,▌           ,▁▁▁▂▁▁▁▁▁▁▁▁▁█▁▁
